{
   "version": "2.0.0",
   "tasks": [
      {
         "label": "User Build Setup",
         "type": "shell",
         "command": "./userbuild/theia/user-build-setup.sh",
         "args": [
            "ibmuser@10.1.1.2",
            "/u/ibmuser/projects",
            "nazare-demo-genapp",
            "/u/ibmuser/projects/nazare-demo-genapp/logs",
            "/home/projects/nazare-demo-genapp/userbuild/theia/dirs.txt",
            "/home/projects/nazare-demo-genapp/logs"
         ],
         "problemMatcher": []
      },
      {
         "label": "User Build",
         "type": "shell",
         "command": "./userbuild/theia/user-build.sh",
         "args": [
            "ibmuser@10.1.1.2",
            "/u/ibmuser/projects",
            "nazare-demo-genapp",
            "/u/ibmuser/projects/nazare-demo-genapp/logs",
            "/home/projects/nazare-demo-genapp",
            "IBMUSER.GENAPP",
            "/home/projects/nazare-demo-genapp/userbuild/theia/upload-files.txt",
            "/var/tools/jenkins/workspace/IBMZSoftware/master/nazare-demo-sysadmin/zAppBuild/build.groovy"
         ],
         "problemMatcher": []
      }
   ]
}
